Family,Genus,Species,Taxon Name,Category,Criteria,IUCN Assessment completed,Notes,Endemic?,Information inputted into SIS,Assessment reviewed,Map completed,Submitted to IUCN
AMARANTHACEAE,Pleuropetalum,pleiogynum,Pleuropetalum pleiogynum,,,,,,,,,
ANACARDIACEAE,Amphipterygium,molle,Amphipterygium molle,x,,,Taxonomic Issue - not found in Costa Rica. Removed from working set,,,,,
ANACARDIACEAE,Tapirira,lepidota,Tapirira lepidota,,,,,,,,,
ANNONACEAE,Anaxagorea,phaeocarpa,Anaxagorea phaeocarpa,LC,,,1998 assessment,,,,,
ANNONACEAE,Annona,danforthii,Annona danforthii,LC,,,1998 assessment not published,,,,,
ANNONACEAE,Cymbopetalum,torulosum,Cymbopetalum torulosum,LC,,,1998 assessment,,,,,
ANNONACEAE,Mosannona,costaricensis,Mosannona costaricensis,NT,B2ab(iii),,,,,,,
ANNONACEAE,Unonopsis,panamensis,Unonopsis panamensis,LC,,,,,,,,
ANNONACEAE,Xylopia,macrantha,Xylopia macrantha,LC,,,,,,,,
APOCYNACEAE,Lacmellea,zamorae,Lacmellea zamorae,,,,,,,,,
APOCYNACEAE,Macoubea,mesoamericana,Macoubea mesoamericana,,,,,,,,,
APOCYNACEAE,Tabernaemontana,hannae,Tabernaemontana hannae,,,,,,,,,
APOCYNACEAE,Tabernaemontana,pauli,Tabernaemontana pauli,,,,,,,,,
AQUIFOLIACEAE,Ilex,pallida,Ilex pallida,DD,,,1998 assessment,,,,,
AQUIFOLIACEAE,Ilex,costaricensis,Ilex costaricensis,,,,1998 assessment,,,,,
AQUIFOLIACEAE,Ilex,haberi,Ilex haberi,,,,,,,,,
AQUIFOLIACEAE,Ilex,hemiepiphytica,Ilex hemiepiphytica,,,,,,,,,
AQUIFOLIACEAE,Ilex,vulcanicola,Ilex vulcanicola,,,,1998 assessment,,,,,
ARALIACEAE,Dendropanax,alberti-smithii,Dendropanax alberti-smithii,,,,1998 assessment,,,,,
ARALIACEAE,Dendropanax,latilobus,Dendropanax latilobus,,,,,,,,,
ARALIACEAE,Dendropanax,praestans,Dendropanax praestans,,,,,,,,,
ARALIACEAE,Dendropanax,ravenii,Dendropanax ravenii,,,,,,,,,
ARALIACEAE,Dendropanax,sessiliflorus,Dendropanax sessiliflorus,,,,1998 assessment,,,,,
ARALIACEAE,Oreopanax,anomalus,Oreopanax anomalus,,,,,,,,,
ARALIACEAE,Oreopanax,compactus,Oreopanax compactus,,,,,,,,,
ARALIACEAE,Oreopanax,donnell-smithii,Oreopanax donnell-smithii,,,,,,,,,
ARALIACEAE,Oreopanax,nubigenus,Oreopanax nubigenus,,,,,,,,,
ARALIACEAE,Oreopanax,paramicola,Oreopanax paramicola,,,,,,,,,
ARALIACEAE,Oreopanax,pycnocarpus,Oreopanax pycnocarpus,,,,,,,,,
ARALIACEAE,Oreopanax,standleyi,Oreopanax standleyi,,,,,,,,,
ARALIACEAE,Oreopanax,striatus,Oreopanax striatus,,,,,,,,,
ARALIACEAE,Schefflera,albocapitata,Schefflera albocapitata,,,,,,,,,
ARALIACEAE,Schefflera,brenesii,Schefflera brenesii,,,,1998 assessment,,,,,
ARALIACEAE,Schefflera,cartagoensis,Schefflera cartagoensis,,,,,,,,,
ARALIACEAE,Schefflera,epiphytica,Schefflera epiphytica,,,,,,,,,
ARALIACEAE,Schefflera,instita,Schefflera instita,,,,,,,,,
ARALIACEAE,Schefflera,minutiflora,Schefflera minutiflora,,,,,,,,,
ARALIACEAE,Schefflera,nicaraguensis,Schefflera nicaraguensis,,,,,,,,,
ARALIACEAE,Schefflera,pubens,Schefflera pubens,,,,,,,,,
ARALIACEAE,Schefflera,seibertii,Schefflera seibertii,,,,1998 assessment,,,,,
ARECACEAE,Aiphanes,hirsuta,Aiphanes hirsuta,,,,1998 assessment,,,,,
ARECACEAE,Astrocaryum,alatum,Astrocaryum alatum,,,,1998 assessment,,,,,
ARECACEAE,Astrocaryum,confertum,Astrocaryum confertum,,,,,,,,,
ARECACEAE,Astrocaryum,standleyanum,Astrocaryum standleyanum,,,,,,,,,
ARECACEAE,Bactris,caudata,Bactris caudata,,,,,,,,,
ARECACEAE,Bactris,glandulosa,Bactris glandulosa,,,,,,,,,
ARECACEAE,Bactris,herrerana,Bactris herrerana,,,,,,,,,
ARECACEAE,Bactris,longiseta,Bactris longiseta,,,,1998 assessment,,,,,
ARECACEAE,Bactris,militaris,Bactris militaris,,,,,,,,,
ARECACEAE,Bactris,polystachya,Bactris polystachya,,,,,,,,,
ARECACEAE,Chamaedorea,deckeriana,Chamaedorea deckeriana,,,,,,,,,
ARECACEAE,Colpothrinax,aphanopetala,Colpothrinax aphanopetala,,,,,,,,,
ARECACEAE,Cryosophila,cookii,Cryosophila cookii,,,,1998 assessment,,,,,
ARECACEAE,Cryosophila,grayumii,Cryosophila grayumii,,,,1998 assessment,,,,,
ARECACEAE,Cryosophila,guagara,Cryosophila guagara,,,,1998 assessment,,,,,
ARECACEAE,Geonoma,ferruginea,Geonoma ferruginea,LC,,,BGCI workflow,,,,,
ARECACEAE,Geonoma,congesta,Geonoma congesta,,,,,,,,,
ARECACEAE,Geonoma,longivaginata,Geonoma longivaginata,,,,,,,,,
ARECACEAE,Geonoma,orbignyana,Geonoma orbignyana,,,,,,,,,
ARECACEAE,Pholidostachys,pulchra,Pholidostachys pulchra,,,,,,,,,
ARECACEAE,Reinhardtia,koschnyana,Reinhardtia koschnyana,CR,A2ac,,Palm group added information,,,,,
ASTERACEAE,Bartlettina,prionophylla,Bartlettina prionophylla,,,,,,,,,
ASTERACEAE,Hebeclinium,costaricense,Hebeclinium costaricense,,,,,,,,,
ASTERACEAE,Jessea,multivenia,Jessea multivenia,,,,,,,,,
ASTERACEAE,Koanophyllon,hylonoma,Koanophyllon hylonoma,,,,,,,,,
ASTERACEAE,Koanophyllon,pittieri,Koanophyllon pittieri,,,,,,,,,
ASTERACEAE,Koanophyllon,wetmorei,Koanophyllon wetmorei,,,,,,,,,
ASTERACEAE,Lepidonia,lankesteri,Lepidonia lankesteri,,,,,,,,,
ASTERACEAE,Verbesina,tapantiana,Verbesina tapantiana,,,,,,,,,
AVICENNIACEAE,Avicennia,bicolor,Avicennia bicolor,VU,A2cd,,2008 assessment,,,,,
AVICENNIACEAE,Avicennia,germinans,Avicennia germinans,LC,,,2007 assessment,,,,,
BERBERIDACEAE,Berberis,hemsleyi,Berberis hemsleyi,,,,,,,,,
BERBERIDACEAE,Berberis,volcania,Berberis volcania,,,,,,,,,
BIGNONIACEAE,Amphitecna,gentryi,Amphitecna gentryi,,,,,,,,,
BIGNONIACEAE,Amphitecna,haberi,Amphitecna haberi,,,,,,,,,
BIGNONIACEAE,Amphitecna,isthmica,Amphitecna isthmica,,,,1998 assessment,,,,,
BIGNONIACEAE,Parmentiera,valerii,Parmentiera valerii,,,,,,,,,
BIGNONIACEAE,Tabebuia,palustris,Tabebuia palustris,VU,A2c,,1998 assessment,,,,,
BRUNELLIACEAE,Brunellia,costaricensis,Brunellia costaricensis,,,Kew to compile draft,,,,,,
BRUNELLIACEAE,Brunellia,standleyana,Brunellia standleyana,,,,,,,,,
BURSERACEAE,Bursera,glabra,Bursera glabra,,,,,,,,,
BURSERACEAE,Bursera,standleyana,Bursera standleyana,,,,,,,,,
BURSERACEAE,Protium,pittieri,Protium pittieri,VU,"B2ab(ii,iii)",,1998 assessment,,,,,
BURSERACEAE,Protium,aguilarii,Protium aguilarii,,,,,,,,,
BURSERACEAE,Protium,brenesii,Protium brenesii,,,,,,,,,
BURSERACEAE,Protium,hammelii,Protium hammelii,,,,,,,,,
BURSERACEAE,Protium,panamense,Protium panamense,,,,1998 assessment,,,,,
BURSERACEAE,Protium,pecuniosum,Protium pecuniosum,,,,,,,,,
BURSERACEAE,Trattinnickia,aspera,Trattinnickia aspera,LC,,,,,,,,
CALOPHYLLACEAE,Marila,podantha,Marila podantha,,,,,,,,,
CAPPARACEAE,Crateva,palmeri,Crateva palmeri,LC,,,,,,,,
CAPPARACEAE,Quadrella,morenoi,Quadrella morenoi,,,,,,,,,
CARYOCARACEAE,Anthodiscus,chocoensis,Anthodiscus chocoensis,,,,1998 assessment,,,,,
CELASTRACEAE,Crossopetalum,enervium,Crossopetalum enervium,,,,,,,,,
CELASTRACEAE,Crossopetalum,parviflorum,Crossopetalum parviflorum,,,,1998 assessment,,,,,
CELASTRACEAE,Haydenoxylon,haberianum,Haydenoxylon haberianum,,,,,,,,,
CELASTRACEAE,Maytenus,woodsonii,Maytenus woodsonii,,,Kew to compile draft,,,,,,
CELASTRACEAE,Maytenus,grisea,Maytenus grisea,,,,,,,,,
CELASTRACEAE,Quetzalia,occidentalis,Quetzalia occidentalis,,,,,,,,,
CELASTRACEAE,Salacia,petenensis,Salacia petenensis,,,,,,,,,
CELASTRACEAE,Wimmeria,sternii,Wimmeria sternii,,,,,,,,,
CELASTRACEAE,Zinowiewia,costaricensis,Zinowiewia costaricensis,,,,1998 assessment,,,,,
CHLORANTHACEAE,Hedyosmum,costaricense,Hedyosmum costaricense,,,,,,,,,
CHRYSOBALANACEAE,Couepia,hallwachsiae,Couepia hallwachsiae,,,,,,,,,
CHRYSOBALANACEAE,Couepia,janzenii,Couepia janzenii,,,,,,,,,
CHRYSOBALANACEAE,Couepia,osaensis,Couepia osaensis,,,,,,,,,
CHRYSOBALANACEAE,Hirtella,lemsii,Hirtella lemsii,,,,,,,,,
CHRYSOBALANACEAE,Hirtella,papillata,Hirtella papillata,,,,,,,,,
CHRYSOBALANACEAE,Hirtella,trichotoma,Hirtella trichotoma,,,,,,,,,
CHRYSOBALANACEAE,Hirtella,tubiflora,Hirtella tubiflora,,,,,,,,,
CHRYSOBALANACEAE,Licania,jefensis,Licania jefensis,,,Kew to compile draft,,,,,,
CHRYSOBALANACEAE,Licania,arachicarpa,Licania arachicarpa,,,,,,,,,
CHRYSOBALANACEAE,Licania,belloi,Licania belloi,,,,,,,,,
CHRYSOBALANACEAE,Licania,corniculata,Licania corniculata,,,,,,,,,
CHRYSOBALANACEAE,Licania,costaricensis,Licania costaricensis,,,,,,,,,
CHRYSOBALANACEAE,Licania,diegogomezii,Licania diegogomezii,,,,,,,,,
CHRYSOBALANACEAE,Licania,kallunkiae,Licania kallunkiae,,,,,,,,,
CHRYSOBALANACEAE,Licania,operculipetala,Licania operculipetala,,,,,,,,,
CHRYSOBALANACEAE,Licania,platycalyx,Licania platycalyx,,,,,,,,,
CHRYSOBALANACEAE,Licania,riverae,Licania riverae,,,,,,,,,
CHRYSOBALANACEAE,Licania,stevensii,Licania stevensii,,,,,,,,,
CHRYSOBALANACEAE,Maranthes,panamensis,Maranthes panamensis,,,,,,,,,
CHRYSOBALANACEAE,Parinari,parvifolia,Parinari parvifolia,,,,,,,,,
CLETHRACEAE,Clethra,formosa,Clethra formosa,,,,,,,,,
CLETHRACEAE,Clethra,talamancana,Clethra talamancana,,,,,,,,,
CLUSIACEAE,Chrysochlamys,skutchii,Chrysochlamys skutchii,,,,,,,,,
CLUSIACEAE,Clusia,rotundata,Clusia rotundata,LC,,,,,,,,
CLUSIACEAE,Clusia,cylindrica,Clusia cylindrica,,,,,,,,,
CLUSIACEAE,Clusia,torresii,Clusia torresii,,,,,,,,,
CLUSIACEAE,Clusia,valerii,Clusia valerii,,,,,,,,,
COMBRETACEAE,Laguncularia,racemosa,Laguncularia racemosa,,,,2007 assessment,,,,,
COMBRETACEAE,Terminalia,bucidoides,Terminalia bucidoides,,,,1998 assessment,,,,,
COMBRETACEAE,Terminalia,costaricensis,Terminalia costaricensis,,,,,,,,,
CORDIACEAE,Cordia,croatii,Cordia croatii,,,,1998 assessment,,,,,
CORDIACEAE,Cordia,liesneri,Cordia liesneri,,,,,,,,,
CORNACEAE,Cornus,disciflora,Cornus disciflora,,,,1998 assessment,,,,,
CUNONIACEAE,Weinmannia,karsteniana,Weinmannia karsteniana,,,,,,,,,
CUNONIACEAE,Weinmannia,polyphylla,Weinmannia polyphylla,,,,,,,,,
CUNONIACEAE,Weinmannia,vulcanicola,Weinmannia vulcanicola,,,,,,,,,
DICHAPETALACEAE,Dichapetalum,brenesii,Dichapetalum brenesii,,,,,,,,,
DICHAPETALACEAE,Dichapetalum,moralesii,Dichapetalum moralesii,,,,,,,,,
DICHAPETALACEAE,Dichapetalum,morenoi,Dichapetalum morenoi,,,,,,,,,
DICHAPETALACEAE,Dichapetalum,nervatum,Dichapetalum nervatum,,,,,,,,,
DICHAPETALACEAE,Dichapetalum,nevermannianum,Dichapetalum nevermannianum,,,,,,,,,
DICHAPETALACEAE,Stephanopodium,costaricense,Stephanopodium costaricense,,,,,,,,,
DICHAPETALACEAE,Stephanopodium,gentryi,Stephanopodium gentryi,,,,,,,,,
DIPENTODONTACEAE,Perrottetia,multiflora,Perrottetia multiflora,,,,1998 assessment,,,,,
EBENACEAE,Diospyros,conzattii,Diospyros conzattii,,,,,,,,,
EHRETIACEAE,Bourreria,andrieuxii,Bourreria andrieuxii,,,,,,,,,
EHRETIACEAE,Bourreria,grandicalyx,Bourreria grandicalyx,,,,,,,,,
EHRETIACEAE,Bourreria,grayumii,Bourreria grayumii,,,,,,,,,
EHRETIACEAE,Bourreria,litoralis,Bourreria litoralis,,,,,,,,,
EHRETIACEAE,Bourreria,rinconensis,Bourreria rinconensis,,,,,,,,,
EHRETIACEAE,Rochefortia,lundellii,Rochefortia lundellii,,,,,,,,,
ELAEOCARPACEAE,Sloanea,ampla,Sloanea ampla,,,,,,,,,
ELAEOCARPACEAE,Sloanea,brenesii,Sloanea brenesii,,,,,,,,,
ELAEOCARPACEAE,Sloanea,cararaensis,Sloanea cararaensis,,,,,,,,,
ELAEOCARPACEAE,Sloanea,ensiformis,Sloanea ensiformis,,,,,,,,,
ELAEOCARPACEAE,Sloanea,garcia-cossioi,Sloanea garcia-cossioi,,,,,,,,,
ELAEOCARPACEAE,Sloanea,geniculata,Sloanea geniculata,,,,,,,,,
ELAEOCARPACEAE,Sloanea,guapilensis,Sloanea guapilensis,,,,,,,,,
ELAEOCARPACEAE,Sloanea,laevigata,Sloanea laevigata,,,,,,,,,
ELAEOCARPACEAE,Sloanea,ligulata,Sloanea ligulata,,,,,,,,,
ELAEOCARPACEAE,Sloanea,marcescens,Sloanea marcescens,,,,,,,,,
ELAEOCARPACEAE,Sloanea,petenensis,Sloanea petenensis,,,,,,,,,
ELAEOCARPACEAE,Sloanea,rugosa,Sloanea rugosa,,,,,,,,,
ERICACEAE,Vaccinium,consanguineum,Vaccinium consanguineum,,,Kew to compile draft,,,,,,
ERICACEAE,Vaccinium,costaricense,Vaccinium costaricense,,,,,,,,,
EUPHORBIACEAE,Acalypha,ferdinandi,Acalypha ferdinandi,,,,,,,,,
EUPHORBIACEAE,Cnidoscolus,megacanthus,Cnidoscolus megacanthus,,,,,,,,,
EUPHORBIACEAE,Croton,corinthius,Croton corinthius,,,,,,,,,
EUPHORBIACEAE,Croton,costatus,Croton costatus,,,,,,,,,
EUPHORBIACEAE,Croton,decalobus,Croton decalobus,,,,,,,,,
EUPHORBIACEAE,Croton,fantzianus,Croton fantzianus,,,,,,,,,
EUPHORBIACEAE,Croton,hoffmannii,Croton hoffmannii,,,,,,,,,
EUPHORBIACEAE,Croton,jimenezii,Croton jimenezii,,,,,,,,,
EUPHORBIACEAE,Croton,megistocarpus,Croton megistocarpus,,,,,,,,,
EUPHORBIACEAE,Croton,mexicanus,Croton mexicanus,,,,,,,,,
EUPHORBIACEAE,Croton,speciosus,Croton speciosus,,,,,,,,,
EUPHORBIACEAE,Croton,tenuicaudatus,Croton tenuicaudatus,,,,,,,,,
EUPHORBIACEAE,Croton,tonduzii,Croton tonduzii,,,,,,,,,
EUPHORBIACEAE,Croton,yucatanensis,Croton yucatanensis,,,,,,,,,
EUPHORBIACEAE,Jatropha,costaricensis,Jatropha costaricensis,,,,,,,,,
EUPHORBIACEAE,Sapium,allenii,Sapium allenii,,,,,,,,,
EUPHORBIACEAE,Tetrorchidium,euryphyllum,Tetrorchidium euryphyllum,LC,,,,,,,,
EUPHORBIACEAE,Tetrorchidium,costaricense,Tetrorchidium costaricense,,,,,,,,,
FABACEAE,Abarema,racemiflora,Abarema racemiflora,LC,,,To send to David Neill for review,no,yes,,yes,
FABACEAE,Albizia,duckeana,Albizia duckeana,,,,,,,,,
FABACEAE,Ateleia,pterocarpa,Ateleia pterocarpa,LC,,,,,,,,
FABACEAE,Ateleia,herbert-smithii,Ateleia herbert-smithii,,,,,,,,,
FABACEAE,Bauhinia,proboscidea,Bauhinia proboscidea,,,,,,,,,
FABACEAE,Calliandra,goldmanii,Calliandra goldmanii,,,,,,,,,
FABACEAE,Calliandra,grandifolia,Calliandra grandifolia,,,,,,,,,
FABACEAE,Cojoba,costaricensis,Cojoba costaricensis,,,Kew to compile draft,,,,,,
FABACEAE,Copaifera,camibar,Copaifera camibar,,,,,,,,,
FABACEAE,Coursetia,elliptica,Coursetia elliptica,,,,,,,,,
FABACEAE,Diphysa,humilis,Diphysa humilis,,,,,,,,,
FABACEAE,Dussia,mexicana,Dussia mexicana,,,,,,,,,
FABACEAE,Erythrina,chiriquensis,Erythrina chiriquensis,,,,,,,,,
FABACEAE,Erythrina,cochleata,Erythrina cochleata,,,,,,,,,
FABACEAE,Erythrina,globocalyx,Erythrina globocalyx,,,,,,,,,
FABACEAE,Erythrina,thyrsiflora,Erythrina thyrsiflora,,,,,,,,,
FABACEAE,Indigofera,thibaudiana,Indigofera thibaudiana,,,,,,,,,
FABACEAE,Inga,hayesii,Inga hayesii,LC,,,1998 assessment,,,,,
FABACEAE,Inga,exalata,Inga exalata,,,Kew to compile draft,,,,,,
FABACEAE,Inga,allenii,Inga allenii,,,,1998 assessment,,,,,
FABACEAE,Inga,bella,Inga bella,,,,1998 assessment,,,,,
FABACEAE,Inga,bracteifera,Inga bracteifera,,,,1998 assessment,,,,,
FABACEAE,Inga,canonegrensis,Inga canonegrensis,,,,1998 assessment,,,,,
FABACEAE,Inga,golfodulcensis,Inga golfodulcensis,,,,1998 assessment,,,,,
FABACEAE,Inga,herrerae,Inga herrerae,,,,1998 assessment,,,,,
FABACEAE,Inga,jimenezii,Inga jimenezii,,,,1998 assessment,,,,,
FABACEAE,Inga,latipes,Inga latipes,,,,1998 assessment,,,,,
FABACEAE,Inga,litoralis,Inga litoralis,,,,1998 assessment,,,,,
FABACEAE,Inga,skutchii,Inga skutchii,,,,1998 assessment,,,,,
FABACEAE,Inga,stenophylla,Inga stenophylla,,,,1998 assessment,,,,,
FABACEAE,Inga,tenuiloba,Inga tenuiloba,,,,1998 assessment,,,,,
FABACEAE,Inga,tenuipedunculata,Inga tenuipedunculata,,,,,,,,,
FABACEAE,Inga,umbilicata,Inga umbilicata,,,,,,,,,
FABACEAE,Lennea,viridiflora,Lennea viridiflora,,,,1998 assessment,,,,,
FABACEAE,Leucaena,multicapitula,Leucaena multicapitula,NT,A2c,,Megan @BGCI has completed assessmenmt - could review,,,,,
FABACEAE,Lonchocarpus,calcaratus,Lonchocarpus calcaratus,VU,C1,,1998 assessment,,,,,
FABACEAE,Lonchocarpus,alternifoliolatus,Lonchocarpus alternifoliolatus,,,,,,,,,
FABACEAE,Lonchocarpus,chiangii,Lonchocarpus chiangii,,,,,,,,,
FABACEAE,Lonchocarpus,costaricensis,Lonchocarpus costaricensis,,,,,,,,,
FABACEAE,Lonchocarpus,ferrugineus,Lonchocarpus ferrugineus,,,,,,,,,
FABACEAE,Lonchocarpus,haberi,Lonchocarpus haberi,,,,,,,,,
FABACEAE,Lonchocarpus,hughesii,Lonchocarpus hughesii,,,,,,,,,
FABACEAE,Lonchocarpus,lasiotropis,Lonchocarpus lasiotropis,,,,,,,,,
FABACEAE,Lonchocarpus,monteviridis,Lonchocarpus monteviridis,,,,,,,,,
FABACEAE,Lonchocarpus,peninsularis,Lonchocarpus peninsularis,,,,,,,,,
FABACEAE,Lonchocarpus,retifer,Lonchocarpus retifer,,,,1998 assessment,,,,,
FABACEAE,Machaerium,cirrhiferum,Machaerium cirrhiferum,,,,,,,,,
FABACEAE,Machaerium,darlense,Machaerium darlense,,,,,,,,,
FABACEAE,Machaerium,milleflorum,Machaerium milleflorum,,,,,,,,,
FABACEAE,Macrolobium,costaricense,Macrolobium costaricense,,,,,,,,,
FABACEAE,Macrolobium,hartshornii,Macrolobium hartshornii,,,,,,,,,
FABACEAE,Macrolobium,herrerae,Macrolobium herrerae,,,,,,,,,
FABACEAE,Mora,megistosperma,Mora megistosperma,,,,,,,,,
FABACEAE,Mora,oleifera,Mora oleifera,,,,2008 assessment - VU,,,,,
FABACEAE,Ormosia,intermedia,Ormosia intermedia,,,,,,,,,
FABACEAE,Ormosia,panamensis,Ormosia panamensis,,,,1998 assessment,,,,,
FABACEAE,Paramachaerium,gruberi,Paramachaerium gruberi,CR,C1,,Almost finished - needs two references added,,,,,
FABACEAE,Peltogyne,purpurea,Peltogyne purpurea,,,,,,,,,
FABACEAE,Pithecellobium,bipinnatum,Pithecellobium bipinnatum,,,,,,,,,
FABACEAE,Pithecellobium,furcatum,Pithecellobium furcatum,,,,,,,,,
FABACEAE,Pithecellobium,nicoyanum,Pithecellobium nicoyanum,,,,,,,,,
FABACEAE,Platymiscium,curuense,Platymiscium curuense,,,,,,,,,
FABACEAE,Senna,cajamarcae,Senna cajamarcae,,,,,,,,,
FABACEAE,Senna,williamsii,Senna williamsii,,,,,,,,,
FABACEAE,Styphnolobium,monteviridis,Styphnolobium monteviridis,,,,,,,,,
FABACEAE,Styphnolobium,sporadicum,Styphnolobium sporadicum,,,,,,,,,
FABACEAE,Swartzia,maquenqueana,Swartzia maquenqueana,,,,,,,,,
FABACEAE,Swartzia,phaneroptera,Swartzia phaneroptera,,,,,,,,,
FABACEAE,Swartzia,picramnioides,Swartzia picramnioides,,,,,,,,,
FABACEAE,Swartzia,zeledonensis,Swartzia zeledonensis,,,,,,,,,
FABACEAE,Tachigali,versicolor,Tachigali versicolor,VU,"B1ab(i,ii,iii,v)+2ab(i,ii,iii,v)",,Some information added by Silvia at workflow,,,,,
FABACEAE,Tachigali,costaricensis,Tachigali costaricensis,LC,,,,,,,,
FABACEAE,Uribea,tamarindoides,Uribea tamarindoides,,,,,,,,,
FABACEAE,Vachellia,mayana,Vachellia mayana,,,,,,,,,
FABACEAE,Zygia,brenesii,Zygia brenesii,,,,,,,,,
FABACEAE,Zygia,confusa,Zygia confusa,,,,,,,,,
FABACEAE,Zygia,gigantifoliola,Zygia gigantifoliola,,,,,,,,,
FABACEAE,Zygia,rubiginosa,Zygia rubiginosa,,,,,,,,,
GARRYACEAE,Garrya,laurifolia,Garrya laurifolia,,,,,,,,,
GENTIANACEAE,Macrocarpaea,auriculata,Macrocarpaea auriculata,,,,,,,,,
GENTIANACEAE,Macrocarpaea,macrophylla,Macrocarpaea macrophylla,,,,,,,,,
HAMAMELIDACEAE,Molinadendron,guatemalense,Molinadendron guatemalense,,,,,,,,,
HELIOTROPIACEAE,Tournefortia,johnstonii,Tournefortia johnstonii,,,,,,,,,
HERNANDIACEAE,Hernandia,didymantha,Hernandia didymantha,,,,1998 assessment,,,,,
HERNANDIACEAE,Hernandia,stenura,Hernandia stenura,,,,1998 assessment,,,,,
HUMIRIACEAE,Humiriastrum,diguense,Humiriastrum diguense,LC,,,,,,,,
HUMIRIACEAE,Vantanea,barbourii,Vantanea barbourii,LC,,,,,,,,
HYPERICACEAE,Hypericum,irazuense,Hypericum irazuense,,,,,,,,,
JUGLANDACEAE,Alfaroa,manningii,Alfaroa manningii,,,,1998 assessment,,,,,
JUGLANDACEAE,Oreomunnea,pterocarpa,Oreomunnea pterocarpa,,,,1998 assessment,,,,,
LAMIACEAE,Aegiphila,panamensis,Aegiphila panamensis,,,,1998 assessment,,,,,
LAMIACEAE,Vitex,cooperi,Vitex cooperi,,,,1998 assessment,,,,,
LAURACEAE,Aiouea,brenesii,Aiouea brenesii,,,,,,,,,
LAURACEAE,Aiouea,chavarrianum,Aiouea chavarrianum,,,,,,,,,
LAURACEAE,Aiouea,neurophylla,Aiouea neurophylla,,,,,,,,,
LAURACEAE,Aiouea,obscura,Aiouea obscura,,,,1998 assessment,,,,,
LAURACEAE,Aiouea,pittieri,Aiouea pittieri,,,,,,,,,
LAURACEAE,Aiouea,tonduzii,Aiouea tonduzii,,,,,,,,,
LAURACEAE,Aniba,venezuelana,Aniba venezuelana,LC,,,1998 assessment,,,,,
LAURACEAE,Beilschmiedia,immersinervis,Beilschmiedia immersinervis,,,,,,,,,
LAURACEAE,Beilschmiedia,ovalis,Beilschmiedia ovalis,,,,,,,,,
LAURACEAE,Beilschmiedia,tilaranensis,Beilschmiedia tilaranensis,,,,,,,,,
LAURACEAE,Caryodaphnopsis,burgeri,Caryodaphnopsis burgeri,,,,2000 assessment - not published,,,,,
LAURACEAE,Damburneya,cufodontisii,Damburneya cufodontisii,,,,1998 assessment,,,,,
LAURACEAE,Damburneya,longipetiolata,Damburneya longipetiolata,,,,1998 assessment,,,,,
LAURACEAE,Damburneya,smithii,Damburneya smithii,,,,1998 assessment,,,,,
LAURACEAE,Licaria,brenesii,Licaria brenesii,,,,,,,,,
LAURACEAE,Licaria,caribaea,Licaria caribaea,,,,,,,,,
LAURACEAE,Licaria,cufodontisii,Licaria cufodontisii,,,,,,,,,
LAURACEAE,Licaria,excelsa,Licaria excelsa,,,,,,,,,
LAURACEAE,Licaria,herrerae,Licaria herrerae,,,,,,,,,
LAURACEAE,Licaria,multinervis,Licaria multinervis,,,,,,,,,
LAURACEAE,Licaria,pergamentacea,Licaria pergamentacea,,,,,,,,,
LAURACEAE,Licaria,sarapiquensis,Licaria sarapiquensis,,,,2000 assessment - not published,,,,,
LAURACEAE,Nectandra,hypoleuca,Nectandra hypoleuca,,,,1998 assessment,,,,,
LAURACEAE,Nectandra,ramonensis,Nectandra ramonensis,,,,1998 assessment,,,,,
LAURACEAE,Ocotea,atlantica,Ocotea atlantica,,,,,,,,,
LAURACEAE,Ocotea,bijuga,Ocotea bijuga,,,,,,,,,
LAURACEAE,Ocotea,brenesii,Ocotea brenesii,,,,1998 assessment,,,,,
LAURACEAE,Ocotea,calophylla,Ocotea calophylla,,,,,,,,,
LAURACEAE,Ocotea,glaucosericea,Ocotea glaucosericea,,,,1998 assessment,,,,,
LAURACEAE,Ocotea,haberi,Ocotea haberi,,,,,,,,,
LAURACEAE,Ocotea,holdridgeana,Ocotea holdridgeana,,,,,,,,,
LAURACEAE,Ocotea,insularis,Ocotea insularis,,,,,,,,,
LAURACEAE,Ocotea,klepperae,Ocotea klepperae,,,,,,,,,
LAURACEAE,Ocotea,lentii,Ocotea lentii,,,,,,,,,
LAURACEAE,Ocotea,macrantha,Ocotea macrantha,,,,,,,,,
LAURACEAE,Ocotea,mollicella,Ocotea mollicella,,,,,,,,,
LAURACEAE,Ocotea,morae,Ocotea morae,,,,,,,,,
LAURACEAE,Ocotea,multiflora,Ocotea multiflora,,,,,,,,,
LAURACEAE,Ocotea,patula,Ocotea patula,,,,,,,,,
LAURACEAE,Ocotea,pentagona,Ocotea pentagona,,,,,,,,,
LAURACEAE,Ocotea,pharomachrosorum,Ocotea pharomachrosorum,,,,,,,,,
LAURACEAE,Ocotea,pittieri,Ocotea pittieri,,,,,,,,,
LAURACEAE,Ocotea,praetermissa,Ocotea praetermissa,,,,,,,,,
LAURACEAE,Ocotea,producta,Ocotea producta,,,,,,,,,
LAURACEAE,Ocotea,pseudopalmana,Ocotea pseudopalmana,,,,,,,,,
LAURACEAE,Ocotea,rivularis,Ocotea rivularis,,,,1998 assessment,,,,,
LAURACEAE,Ocotea,rufescens,Ocotea rufescens,,,,,,,,,
LAURACEAE,Ocotea,stenoneura,Ocotea stenoneura,,,,,,,,,
LAURACEAE,Ocotea,tonduzii,Ocotea tonduzii,,,,,,,,,
LAURACEAE,Ocotea,valerioides,Ocotea valerioides,,,,,,,,,
LAURACEAE,Persea,albiramea,Persea albiramea,,,,,,,,,
LAURACEAE,Persea,brenesii,Persea brenesii,,,,1998 assessment,,,,,
LAURACEAE,Persea,laevifolia,Persea laevifolia,,,,,,,,,
LAURACEAE,Persea,obtusifolia,Persea obtusifolia,,,,1998 assessment,,,,,
LAURACEAE,Persea,silvatica,Persea silvatica,,,,,,,,,
LAURACEAE,Pleurothyrium,palmanum,Pleurothyrium palmanum,,,Kew to compile draft,,,,,,
LAURACEAE,Pleurothyrium,golfodulcense,Pleurothyrium golfodulcense,,,,,,,,,
LAURACEAE,Pleurothyrium,guindonii,Pleurothyrium guindonii,,,,,,,,,
LAURACEAE,Pleurothyrium,hexaglandulosum,Pleurothyrium hexaglandulosum,,,,1998 assessment,,,,,
LAURACEAE,Pleurothyrium,immersum,Pleurothyrium immersum,,,,,,,,,
LAURACEAE,Pleurothyrium,oblongum,Pleurothyrium oblongum,,,,,,,,,
LAURACEAE,Pleurothyrium,pauciflorum,Pleurothyrium pauciflorum,,,,,,,,,
LAURACEAE,Povedadaphne,quadriporata,Povedadaphne quadriporata,,,,1998 assessment,,,,,
LAURACEAE,Williamodendron,glaucophyllum,Williamodendron glaucophyllum,,,,,,,,,
LECYTHIDACEAE,Couratari,guianensis,Couratari guianensis,DD,,,1998 assessment,,,,,
LECYTHIDACEAE,Couratari,scottmorii,Couratari scottmorii,,,,1998 assessment,,,,,
LECYTHIDACEAE,Couroupita,guianensis,Couroupita guianensis,DD,,,1998 assessment,,,,,
LECYTHIDACEAE,Eschweilera,aguilarii,Eschweilera aguilarii,,,,,,,,,
LECYTHIDACEAE,Eschweilera,biflava,Eschweilera biflava,,,,,,,,,
LECYTHIDACEAE,Eschweilera,calyculata,Eschweilera calyculata,,,,,,,,,
LECYTHIDACEAE,Eschweilera,collinsii,Eschweilera collinsii,,,,,,,,,
LECYTHIDACEAE,Eschweilera,costaricensis,Eschweilera costaricensis,,,,,,,,,
LECYTHIDACEAE,Eschweilera,harmonii,Eschweilera harmonii,,,,,,,,,
LECYTHIDACEAE,Eschweilera,hondurensis,Eschweilera hondurensis,,,,,,,,,
LECYTHIDACEAE,Eschweilera,panamensis,Eschweilera panamensis,,,,,,,,,
LECYTHIDACEAE,Eschweilera,reversa,Eschweilera reversa,,,,,,,,,
LECYTHIDACEAE,Eschweilera,sessilis,Eschweilera sessilis,,,,,,,,,
LECYTHIDACEAE,Gustavia,brachycarpa,Gustavia brachycarpa,,,,,,,,,
LECYTHIDACEAE,Lecythis,ampla,Lecythis ampla,,,,,,,,,
LECYTHIDACEAE,Lecythis,mesophylla,Lecythis mesophylla,,,,,,,,,
LOGANIACEAE,Potalia,turbinata,Potalia turbinata,,,,,,,,,
LOGANIACEAE,Strychnos,chlorantha,Strychnos chlorantha,,,,,,,,,
MALPIGHIACEAE,Bunchosia,costaricensis,Bunchosia costaricensis,,,,,,,,,
MALPIGHIACEAE,Bunchosia,grayumii,Bunchosia grayumii,,,,,,,,,
MALPIGHIACEAE,Bunchosia,lanieri,Bunchosia lanieri,,,,,,,,,
MALPIGHIACEAE,Bunchosia,mesoamericana,Bunchosia mesoamericana,,,,,,,,,
MALPIGHIACEAE,Bunchosia,ternata,Bunchosia ternata,,,,,,,,,
MALPIGHIACEAE,Bunchosia,ursana,Bunchosia ursana,,,,,,,,,
MALPIGHIACEAE,Bunchosia,veluticarpa,Bunchosia veluticarpa,,,,,,,,,
MALPIGHIACEAE,Bunchosia,volcanica,Bunchosia volcanica,,,,,,,,,
MALPIGHIACEAE,Byrsonima,herrerae,Byrsonima herrerae,,,Kew to compile draft,,,,,,
MALPIGHIACEAE,Lophanthera,hammelii,Lophanthera hammelii,,,,,,,,,
MALPIGHIACEAE,Malpighia,albiflora,Malpighia albiflora,,,,,,,,,
MALPIGHIACEAE,Spachea,correae,Spachea correae,,,,1998 assessment,,,,,
MALVACEAE,Abutilon,purpusii,Abutilon purpusii,,,,,,,,,
MALVACEAE,Bakeridesia,vulcanicola,Bakeridesia vulcanicola,,,,,,,,,
MALVACEAE,Cavanillesia,platanifolia,Cavanillesia platanifolia,DD,,,1998 assessment,,,,,
MALVACEAE,Hampea,appendiculata,Hampea appendiculata,LC,,,BGCI workflow,,,,,
MALVACEAE,Huberodendron,allenii,Huberodendron allenii,VU,D2,,,,,,,
MALVACEAE,Macrohasseltia,macroterantha,Macrohasseltia macroterantha,,,,,,,,,
MALVACEAE,Malvaviscus,lanceolatus,Malvaviscus lanceolatus,LC,,,,,,,,
MALVACEAE,Matisia,tinamastiana,Matisia tinamastiana,,,,,,,,,
MALVACEAE,Mortoniodendron,abelianum,Mortoniodendron abelianum,,,Kew to compile draft,,,,,,
MALVACEAE,Mortoniodendron,apetalum,Mortoniodendron apetalum,,,,,,,,,
MALVACEAE,Mortoniodendron,hirsutum,Mortoniodendron hirsutum,,,,,,,,,
MALVACEAE,Mortoniodendron,moralesii,Mortoniodendron moralesii,,,,Synonym!,,,,,
MALVACEAE,Pachira,quinata,Pachira quinata,DD,,,,,,,,
MALVACEAE,Pentaplaris,doroteae,Pentaplaris doroteae,,,,,,,,,
MALVACEAE,Pterygota,excelsa,Pterygota excelsa,LC,,,,,,,,
MALVACEAE,Quararibea,aurantiocalyx,Quararibea aurantiocalyx,,,,1998 assessment,,,,,
MALVACEAE,Quararibea,chodatii,Quararibea chodatii,,,,,,,,,
MALVACEAE,Quararibea,costaricensis,Quararibea costaricensis,,,,,,,,,
MALVACEAE,Quararibea,gomeziana,Quararibea gomeziana,,,,1998 assessment,,,,,
MALVACEAE,Quararibea,parvifolia,Quararibea parvifolia,,,,,,,,,
MALVACEAE,Quararibea,pendula,Quararibea pendula,,,,1998 assessment,,,,,
MALVACEAE,Quararibea,platyphylla,Quararibea platyphylla,,,,1998 assessment,,,,,
MALVACEAE,Quararibea,pterocalyx,Quararibea pterocalyx,,,,1998 assessment,,,,,
MALVACEAE,Quararibea,pumila,Quararibea pumila,,,,,,,,,
MALVACEAE,Robinsonella,lindeniana,Robinsonella lindeniana,,,,,,,,,
MALVACEAE,Theobroma,mammosum,Theobroma mammosum,,,,,,,,,
MALVACEAE,Triumfetta,arborescens,Triumfetta arborescens,,,,,,,,,
MALVACEAE,Wercklea,insignis,Wercklea insignis,,,Kew to compile draft,,,,,,
MALVACEAE,Wercklea,woodsonii,Wercklea woodsonii,,,Kew to compile draft,,,,,,
MALVACEAE,Wercklea,lutea,Wercklea lutea,,,,,,,,,
MELASTOMATACEAE,Axinaea,costaricensis,Axinaea costaricensis,,,Kew to compile draft,,,,,,
MELASTOMATACEAE,Blakea,henripittieri,Blakea henripittieri,LC,,,,,,,,
MELASTOMATACEAE,Blakea,grandiflora,Blakea grandiflora,,,Kew to compile draft,,,,,,
MELASTOMATACEAE,Blakea,amplifolia,Blakea amplifolia,,,,,,,,,
MELASTOMATACEAE,Blakea,austin-smithii,Blakea austin-smithii,,,,,,,,,
MELASTOMATACEAE,Blakea,chlorantha,Blakea chlorantha,,,,,,,,,
MELASTOMATACEAE,Blakea,wilsoniorum,Blakea wilsoniorum,,,,,,,,,
MELASTOMATACEAE,Clidemia,costaricensis,Clidemia costaricensis,,,,,,,,,
MELASTOMATACEAE,Clidemia,subpeltata,Clidemia subpeltata,,,,,,,,,
MELASTOMATACEAE,Conostegia,bigibbosa,Conostegia bigibbosa,,,,,,,,,
MELASTOMATACEAE,Conostegia,formosa,Conostegia formosa,,,,,,,,,
MELASTOMATACEAE,Conostegia,muriculata,Conostegia muriculata,,,,,,,,,
MELASTOMATACEAE,Conostegia,rhodopetala,Conostegia rhodopetala,,,,,,,,,
MELASTOMATACEAE,Conostegia,setifera,Conostegia setifera,,,,,,,,,
MELASTOMATACEAE,Conostegia,vulcanicola,Conostegia vulcanicola,,,,,,,,,
MELASTOMATACEAE,Meriania,phlomoides,Meriania phlomoides,LC,,,,,,,,
MELASTOMATACEAE,Meriania,grandiflora,Meriania grandiflora,,,,1998 assessment,,,,,
MELASTOMATACEAE,Meriania,odorata,Meriania odorata,,,,,,,,,
MELASTOMATACEAE,Miconia,amplinodis,Miconia amplinodis,,,,,,,,,
MELASTOMATACEAE,Miconia,aurantiaca,Miconia aurantiaca,,,,,,,,,
MELASTOMATACEAE,Miconia,biolleyana,Miconia biolleyana,,,,,,,,,
MELASTOMATACEAE,Miconia,biperulifera,Miconia biperulifera,,,,,,,,,
MELASTOMATACEAE,Miconia,brenesii,Miconia brenesii,,,,,,,,,
MELASTOMATACEAE,Miconia,calocoma,Miconia calocoma,,,,,,,,,
MELASTOMATACEAE,Miconia,carnea,Miconia carnea,,,,,,,,,
MELASTOMATACEAE,Miconia,chiriquiensis,Miconia chiriquiensis,,,,,,,,,
MELASTOMATACEAE,Miconia,colliculosa,Miconia colliculosa,,,,,,,,,
MELASTOMATACEAE,Miconia,commutata,Miconia commutata,,,,,,,,,
MELASTOMATACEAE,Miconia,coriacea,Miconia coriacea,,,,,,,,,
MELASTOMATACEAE,Miconia,cuspidatissima,Miconia cuspidatissima,,,,,,,,,
MELASTOMATACEAE,Miconia,diegogomezii,Miconia diegogomezii,,,,,,,,,
MELASTOMATACEAE,Miconia,dissita,Miconia dissita,,,,,,,,,
MELASTOMATACEAE,Miconia,dissitinervia,Miconia dissitinervia,,,,,,,,,
MELASTOMATACEAE,Miconia,friedmaniorum,Miconia friedmaniorum,,,,,,,,,
MELASTOMATACEAE,Miconia,grayumii,Miconia grayumii,,,,,,,,,
MELASTOMATACEAE,Miconia,incurva,Miconia incurva,,,,,,,,,
MELASTOMATACEAE,Miconia,kappellei,Miconia kappellei,,,,,,,,,
MELASTOMATACEAE,Miconia,kappleri,Miconia kappleri,,,,,,,,,
MELASTOMATACEAE,Miconia,latidecurrens,Miconia latidecurrens,,,,,,,,,
MELASTOMATACEAE,Miconia,oligotricha,Miconia oligotricha,,,,,,,,,
MELASTOMATACEAE,Miconia,osaensis,Miconia osaensis,,,,,,,,,
MELASTOMATACEAE,Miconia,schnellii,Miconia schnellii,,,,,,,,,
MELASTOMATACEAE,Miconia,talamancensis,Miconia talamancensis,,,,,,,,,
MELASTOMATACEAE,Miconia,tonduzii,Miconia tonduzii,,,,,,,,,
MELASTOMATACEAE,Miconia,vestita,Miconia vestita,,,,,,,,,
MELASTOMATACEAE,Mouriri,cyphocarpa,Mouriri cyphocarpa,,,,,,,,,
MELASTOMATACEAE,Mouriri,osaensis,Mouriri osaensis,,,,,,,,,
MELASTOMATACEAE,Mouriri,tuberculata,Mouriri tuberculata,,,,,,,,,
MELASTOMATACEAE,Ossaea,bracteata,Ossaea bracteata,,,,,,,,,
MELASTOMATACEAE,Tibouchina,bipenicillata,Tibouchina bipenicillata,,,,,,,,,
MELASTOMATACEAE,Tibouchina,ciliaris,Tibouchina ciliaris,,,,,,,,,
MELASTOMATACEAE,Tibouchina,inopinata,Tibouchina inopinata,,,,,,,,,
MELIACEAE,Guarea,aguilarii,Guarea aguilarii,,,,,,,,,
MELIACEAE,Guarea,constricta,Guarea constricta,,,,,,,,,
MELIACEAE,Guarea,corticosa,Guarea corticosa,,,,,,,,,
MELIACEAE,Guarea,donnell-smithii,Guarea donnell-smithii,,,,,,,,,
MELIACEAE,Guarea,grossa,Guarea grossa,,,,,,,,,
MELIACEAE,Guarea,inesiana,Guarea inesiana,,,,,,,,,
MELIACEAE,Guarea,macrocalyx,Guarea macrocalyx,,,,,,,,,
MELIACEAE,Guarea,pyriformis,Guarea pyriformis,,,,1998 assessment,,,,,
MELIACEAE,Guarea,rhopalocarpa,Guarea rhopalocarpa,,,,,,,,,
MELIACEAE,Guarea,subsessilifolia,Guarea subsessilifolia,,,,,,,,,
MELIACEAE,Guarea,tafae-malekui,Guarea tafae-malekui,,,,,,,,,
MELIACEAE,Guarea,talamancana,Guarea talamancana,,,,,,,,,
MELIACEAE,Guarea,zarceroensis,Guarea zarceroensis,,,,,,,,,
MELIACEAE,Swietenia,macrophylla,Swietenia macrophylla,CR,A4bcd,,Waiting for Megan @ BGCI for submission,,,,,
MELIACEAE,Trichilia,pallida,Trichilia pallida,LC,,,,,,,,
MELIACEAE,Trichilia,pittieri,Trichilia pittieri,,,,1998 assessment,,,,,
MENISPERMACEAE,Hyperbaena,allenii,Hyperbaena allenii,,,,1998 assessment,,,,,
MENISPERMACEAE,Hyperbaena,eladioana,Hyperbaena eladioana,,,,,,,,,
METTENIUSACEAE,Metteniusa,tessmanniana,Metteniusa tessmanniana,,,,,,,,,
METTENIUSACEAE,Oecopetalum,greenmanii,Oecopetalum greenmanii,,,,,,,,,
MONIMIACEAE,Mollinedia,maxima,Mollinedia maxima,,,,,,,,,
MONIMIACEAE,Mollinedia,minutiflora,Mollinedia minutiflora,,,,,,,,,
MORACEAE,Ficus,brenesii,Ficus brenesii,,,,,,,,,
MORACEAE,Ficus,brevibracteata,Ficus brevibracteata,,,,,,,,,
MORACEAE,Ficus,bullenei,Ficus bullenei,,,,,,,,,
MORACEAE,Ficus,caldasiana,Ficus caldasiana,,,,,,,,,
MORACEAE,Ficus,dugandii,Ficus dugandii,,,,,,,,,
MORACEAE,Ficus,intramarginalis,Ficus intramarginalis,,,,,,,,,
MORACEAE,Ficus,osensis,Ficus osensis,,,,,,,,,
MORACEAE,Ficus,trachelosyce,Ficus trachelosyce,,,,,,,,,
MORACEAE,Ficus,velutina,Ficus velutina,,,,1998 assessment,,,,,
MORACEAE,Naucleopsis,capirensis,Naucleopsis capirensis,LC,,,,,,,,
MORACEAE,Naucleopsis,naga,Naucleopsis naga,,,,,,,,,
MORACEAE,Naucleopsis,straminea,Naucleopsis straminea,,,,,,,,,
MORACEAE,Trophis,involucrata,Trophis involucrata,,,,,,,,,
MYRISTICACEAE,Otoba,acuminata,Otoba acuminata,,,,1998 assessment,,,,,
MYRISTICACEAE,Virola,surinamensis,Virola surinamensis,DD,,,1998 assessment,,,,,
MYRSINACEAE,Ardisia,capitellata,Ardisia capitellata,,,Kew to compile draft,,,,,,
MYRSINACEAE,Ardisia,alajuelae,Ardisia alajuelae,,,,,,,,,
MYRSINACEAE,Ardisia,angucianensis,Ardisia angucianensis,,,,,,,,,
MYRSINACEAE,Ardisia,blepharodes,Ardisia blepharodes,,,,,,,,,
MYRSINACEAE,Ardisia,brenesii,Ardisia brenesii,,,,,,,,,
MYRSINACEAE,Ardisia,cartagoana,Ardisia cartagoana,,,,,,,,,
MYRSINACEAE,Ardisia,crassiramea,Ardisia crassiramea,,,,,,,,,
MYRSINACEAE,Ardisia,dodgei,Ardisia dodgei,,,,,,,,,
MYRSINACEAE,Ardisia,dunlapiana,Ardisia dunlapiana,,,,,,,,,
MYRSINACEAE,Ardisia,furfuracea,Ardisia furfuracea,,,,,,,,,
MYRSINACEAE,Ardisia,furfuracella,Ardisia furfuracella,,,,1998 assessment,,,,,
MYRSINACEAE,Ardisia,generalensis,Ardisia generalensis,,,,,,,,,
MYRSINACEAE,Ardisia,liesneri,Ardisia liesneri,,,,,,,,,
MYRSINACEAE,Ardisia,maxonii,Ardisia maxonii,,,,1998 assessment,,,,,
MYRSINACEAE,Ardisia,opaca,Ardisia opaca,,,,1998 assessment,,,,,
MYRSINACEAE,Ardisia,palmana,Ardisia palmana,,,,,,,,,
MYRSINACEAE,Ardisia,pleurobotrya,Ardisia pleurobotrya,,,,,,,,,
MYRSINACEAE,Ardisia,standleyana,Ardisia standleyana,,,,1998 assessment,,,,,
MYRSINACEAE,Ardisia,storkii,Ardisia storkii,,,,,,,,,
MYRSINACEAE,Ardisia,tarariae,Ardisia tarariae,,,,,,,,,
MYRSINACEAE,Ardisia,tortuguerensis,Ardisia tortuguerensis,,,,,,,,,
MYRSINACEAE,Ardisia,wedelii,Ardisia wedelii,,,,,,,,,
MYRSINACEAE,Cybianthus,montanus,Cybianthus montanus,,,,,,,,,
MYRSINACEAE,Hymenandra,wilburiana,Hymenandra wilburiana,,,,,,,,,
MYRSINACEAE,Myrsine,calcarata,Myrsine calcarata,,,,,,,,,
MYRSINACEAE,Parathesis,acostensis,Parathesis acostensis,,,,,,,,,
MYRSINACEAE,Parathesis,aeruginosa,Parathesis aeruginosa,,,,,,,,,
MYRSINACEAE,Parathesis,cartagoana,Parathesis cartagoana,,,,,,,,,
MYRSINACEAE,Parathesis,costaricensis,Parathesis costaricensis,,,,,,,,,
MYRSINACEAE,Parathesis,crassiramea,Parathesis crassiramea,,,,,,,,,
MYRSINACEAE,Parathesis,fusca,Parathesis fusca,,,,,,,,,
MYRSINACEAE,Parathesis,glendae,Parathesis glendae,,,,,,,,,
MYRSINACEAE,Parathesis,longipedicellata,Parathesis longipedicellata,,,,,,,,,
MYRSINACEAE,Parathesis,macrantha,Parathesis macrantha,,,,,,,,,
MYRSINACEAE,Parathesis,pseudocrassiramea,Parathesis pseudocrassiramea,,,,,,,,,
MYRSINACEAE,Parathesis,seibertii,Parathesis seibertii,,,,1998 assessment,,,,,
MYRTACEAE,Calyptranthes,monteverdensis,Calyptranthes monteverdensis,,,,,,,,,
MYRTACEAE,Calyptranthes,pittieri,Calyptranthes pittieri,,,,,,,,,
MYRTACEAE,Calyptranthes,schiedeana,Calyptranthes schiedeana,,,,,,,,,
MYRTACEAE,Eugenia,basilaris,Eugenia basilaris,,,,,,,,,
MYRTACEAE,Eugenia,belloi,Eugenia belloi,,,,,,,,,
MYRTACEAE,Eugenia,cararensis,Eugenia cararensis,,,,,,,,,
MYRTACEAE,Eugenia,cartagensis,Eugenia cartagensis,,,,,,,,,
MYRTACEAE,Eugenia,cerrocacaoensis,Eugenia cerrocacaoensis,,,,,,,,,
MYRTACEAE,Eugenia,chavarriae,Eugenia chavarriae,,,,,,,,,
MYRTACEAE,Eugenia,cocosensis,Eugenia cocosensis,,,,,,,,,
MYRTACEAE,Eugenia,corusca,Eugenia corusca,,,,,,,,,
MYRTACEAE,Eugenia,earthiana,Eugenia earthiana,,,,,,,,,
MYRTACEAE,Eugenia,glandulosopunctata,Eugenia glandulosopunctata,,,,,,,,,
MYRTACEAE,Eugenia,gomezii,Eugenia gomezii,,,,,,,,,
MYRTACEAE,Eugenia,grayumii,Eugenia grayumii,,,,,,,,,
MYRTACEAE,Eugenia,haberi,Eugenia haberi,,,,,,,,,
MYRTACEAE,Eugenia,hammelii,Eugenia hammelii,,,,,,,,,
MYRTACEAE,Eugenia,hartshornii,Eugenia hartshornii,,,,,,,,,
MYRTACEAE,Eugenia,herrerae,Eugenia herrerae,,,,,,,,,
MYRTACEAE,Eugenia,irazuensis,Eugenia irazuensis,,,,,,,,,
MYRTACEAE,Eugenia,lepidota,Eugenia lepidota,,,,,,,,,
MYRTACEAE,Eugenia,leucadendron,Eugenia leucadendron,,,,,,,,,
MYRTACEAE,Eugenia,lithosperma,Eugenia lithosperma,,,,,,,,,
MYRTACEAE,Eugenia,ludoviciana,Eugenia ludoviciana,,,,,,,,,
MYRTACEAE,Eugenia,magniflora,Eugenia magniflora,,,,,,,,,
MYRTACEAE,Eugenia,monteverdensis,Eugenia monteverdensis,,,,,,,,,
MYRTACEAE,Eugenia,pacifica,Eugenia pacifica,,,,,,,,,
MYRTACEAE,Eugenia,paloverdensis,Eugenia paloverdensis,,,,,,,,,
MYRTACEAE,Eugenia,pittieri,Eugenia pittieri,,,,,,,,,
MYRTACEAE,Eugenia,riosiae,Eugenia riosiae,,,,,,,,,
MYRTACEAE,Eugenia,salamensis,Eugenia salamensis,,,,1998 assessment,,,,,
MYRTACEAE,Eugenia,sancarlosensis,Eugenia sancarlosensis,,,,,,,,,
MYRTACEAE,Eugenia,sarapiquensis,Eugenia sarapiquensis,,,,,,,,,
MYRTACEAE,Eugenia,selvana,Eugenia selvana,,,,,,,,,
MYRTACEAE,Eugenia,teresae,Eugenia teresae,,,,,,,,,
MYRTACEAE,Eugenia,tilarana,Eugenia tilarana,,,,,,,,,
MYRTACEAE,Eugenia,truncata,Eugenia truncata,,,,,,,,,
MYRTACEAE,Eugenia,verruculata,Eugenia verruculata,,,,,,,,,
MYRTACEAE,Eugenia,zuchowskiae,Eugenia zuchowskiae,,,,,,,,,
MYRTACEAE,Marlierea,mesoamericana,Marlierea mesoamericana,,,,,,,,,
MYRTACEAE,Myrcia,paulii-jonesii,Myrcia paulii-jonesii,,,,,,,,,
MYRTACEAE,Myrcia,riverae,Myrcia riverae,,,,,,,,,
MYRTACEAE,Myrcianthes,storkii,Myrcianthes storkii,,,,,,,,,
MYRTACEAE,Myrciaria,vexator,Myrciaria vexator,,,,,,,,,
MYRTACEAE,Plinia,cuspidata,Plinia cuspidata,,,,,,,,,
MYRTACEAE,Plinia,guanacastensis,Plinia guanacastensis,,,,,,,,,
MYRTACEAE,Plinia,moralesii,Plinia moralesii,,,,,,,,,
MYRTACEAE,Plinia,nicaraguensis,Plinia nicaraguensis,,,,,,,,,
MYRTACEAE,Plinia,povedae,Plinia povedae,,,,,,,,,
MYRTACEAE,Plinia,puriscalensis,Plinia puriscalensis,,,,,,,,,
NYCTAGINACEAE,Neea,pittieri,Neea pittieri,,,,,,,,,
NYCTAGINACEAE,Neea,stenophylla,Neea stenophylla,,,,,,,,,
OCHNACEAE,Ouratea,rinconensis,Ouratea rinconensis,LC,,,,,,,,
OCHNACEAE,Ouratea,valerioi,Ouratea valerioi,,,,,,,,,
OLACACEAE,Heisteria,concinna,Heisteria concinna,,,,,,,,,
OLACACEAE,Heisteria,skutchii,Heisteria skutchii,,,,,,,,,
OLACACEAE,Minquartia,guianensis,Minquartia guianensis,DD,,,1998 assessment,,,,,
OLEACEAE,Forestiera,isabelae,Forestiera isabelae,,,,,,,,,
OPILIACEAE,Agonandra,macrocarpa,Agonandra macrocarpa,,,,1998 assessment,,,,,
PASSIFLORACEAE,Passiflora,chimuensis,Passiflora chimuensis,,,,,,,,,
PASSIFLORACEAE,Passiflora,tica,Passiflora tica,,,,,,,,,
PELLICIERACEAE,Pelliciera,rhizophorae,Pelliciera rhizophorae,VU,B2ab(iii),,2007 assessment,,,,,
PENTAPHYLACACEAE,Freziera,biserrata,Freziera biserrata,,,,1998 assessment,,,,,
PENTAPHYLACACEAE,Ternstroemia,multiovulata,Ternstroemia multiovulata,,,,,,,,,
PENTAPHYLACACEAE,Ternstroemia,standleyana,Ternstroemia standleyana,,,,,,,,,
PHYLLANTHACEAE,Astrocasia,peltata,Astrocasia peltata,,,,,,,,,
PHYLLANTHACEAE,Phyllanthus,skutchii,Phyllanthus skutchii,LC,,,,,,,,
PHYLLANTHACEAE,Phyllanthus,valerioi,Phyllanthus valerioi,,,,,,,,,
PIPERACEAE,Piper,psilorhachis,Piper psilorhachis,LC,,,,,,,,
PIPERACEAE,Piper,aereum,Piper aereum,,,,,,,,,
PIPERACEAE,Piper,biolleyi,Piper biolleyi,,,,,,,,,
PIPERACEAE,Piper,carpinteranum,Piper carpinteranum,,,,,,,,,
PIPERACEAE,Piper,carpunya,Piper carpunya,,,,,,,,,
PIPERACEAE,Piper,colonense,Piper colonense,,,,,,,,,
PIPERACEAE,Piper,cordulatum,Piper cordulatum,,,,1998 assessment,,,,,
PIPERACEAE,Piper,curvipilum,Piper curvipilum,,,,,,,,,
PIPERACEAE,Piper,dotanum,Piper dotanum,,,,,,,,,
PIPERACEAE,Piper,fimbriulatum,Piper fimbriulatum,,,,1998 assessment,,,,,
PIPERACEAE,Piper,fortunaense,Piper fortunaense,,,,,,,,,
PIPERACEAE,Piper,guanacostense,Piper guanacostense,,,,,,,,,
PIPERACEAE,Piper,holdridgeianum,Piper holdridgeianum,,,,,,,,,
PIPERACEAE,Piper,longepetiolatum,Piper longepetiolatum,,,,,,,,,
PIPERACEAE,Piper,maxonii,Piper maxonii,,,,,,,,,
PIPERACEAE,Piper,melanocladum,Piper melanocladum,,,,,,,,,
PIPERACEAE,Piper,ottoniifolium,Piper ottoniifolium,,,,,,,,,
PIPERACEAE,Piper,pittieri,Piper pittieri,,,,,,,,,
PIPERACEAE,Piper,poasanum,Piper poasanum,,,,,,,,,
PIPERACEAE,Piper,prismaticum,Piper prismaticum,,,,,,,,,
PIPERACEAE,Piper,zacatense,Piper zacatense,,,,,,,,,
POLYGALACEAE,Monnina,crepinii,Monnina crepinii,,,,,,,,,
POLYGALACEAE,Moutabea,gentryi,Moutabea gentryi,,,,,,,,,
POLYGONACEAE,Coccoloba,escuintlensis,Coccoloba escuintlensis,,,,,,,,,
POLYGONACEAE,Coccoloba,guanacastensis,Coccoloba guanacastensis,,,,,,,,,
POLYGONACEAE,Coccoloba,liportizii,Coccoloba liportizii,,,,,,,,,
POLYGONACEAE,Coccoloba,porphyrostachys,Coccoloba porphyrostachys,,,,,,,,,
POLYGONACEAE,Coccoloba,standleyana,Coccoloba standleyana,,,,,,,,,
POLYGONACEAE,Ruprechtia,costaricensis,Ruprechtia costaricensis,,,,,,,,,
PROTEACEAE,Panopsis,costaricensis,Panopsis costaricensis,LC,,,,,,,,
PROTEACEAE,Panopsis,yolombo,Panopsis yolombo,LC,,,,,,,,
PUTRANJIVACEAE,Drypetes,assymetricarpa,Drypetes assymetricarpa,,,,,,,,,
QUIINACEAE,Lacunaria,panamensis,Lacunaria panamensis,,,,1998 assessment,,,,,
RESEDACEAE,Forchhammeria,pallida,Forchhammeria pallida,LC,,,,,,,,
RESEDACEAE,Forchhammeria,iltisii,Forchhammeria iltisii,,,,,,,,,
RHAMNACEAE,Frangula,circumscissa,Frangula circumscissa,,,,,,,,,
RHAMNACEAE,Karwinskia,pluvialis,Karwinskia pluvialis,,,,,,,,,
RHAMNACEAE,Rhamnus,oreodendron,Rhamnus oreodendron,,,Kew to compile draft,Possibly now Frangula,,,,,
RHIZOPHORACEAE,Rhizophora,samoensis,Rhizophora samoensis,NT,,,2008 assessment,,,,,
RHIZOPHORACEAE,Rhizophora,racemosa,Rhizophora racemosa,LC,,,2007 assessment,,,,,
ROSACEAE,Prunus,fortunensis,Prunus fortunensis,,,Kew to compile draft,,,,,,
ROSACEAE,Prunus,cornifolia,Prunus cornifolia,,,,,,,,,
RUBIACEAE,Alibertia,utleyorum,Alibertia utleyorum,,,,,,,,,
RUBIACEAE,Alseis,costaricensis,Alseis costaricensis,,,,,,,,,
RUBIACEAE,Amaioua,pedicellata,Amaioua pedicellata,,,,,,,,,
RUBIACEAE,Arachnothryx,aspera,Arachnothryx aspera,,,,,,,,,
RUBIACEAE,Arachnothryx,brenesii,Arachnothryx brenesii,,,,,,,,,
RUBIACEAE,Arachnothryx,calycosa,Arachnothryx calycosa,,,,,,,,,
RUBIACEAE,Arachnothryx,chaconii,Arachnothryx chaconii,,,,,,,,,
RUBIACEAE,Arachnothryx,costaricensis,Arachnothryx costaricensis,,,,,,,,,
RUBIACEAE,Arachnothryx,monteverdensis,Arachnothryx monteverdensis,,,,,,,,,
RUBIACEAE,Arachnothryx,povedae,Arachnothryx povedae,,,,,,,,,
RUBIACEAE,Arachnothryx,tayloriae,Arachnothryx tayloriae,,,,,,,,,
RUBIACEAE,Coussarea,duplex,Coussarea duplex,,,,,,,,,
RUBIACEAE,Coussarea,loftonii,Coussarea loftonii,,,,,,,,,
RUBIACEAE,Duroia,costaricensis,Duroia costaricensis,,,,,,,,,
RUBIACEAE,Elaeagia,auriculata,Elaeagia auriculata,,,,,,,,,
RUBIACEAE,Elaeagia,glossostipula,Elaeagia glossostipula,,,,,,,,,
RUBIACEAE,Elaeagia,nitidifolia,Elaeagia nitidifolia,,,,,,,,,
RUBIACEAE,Faramea,capulifolia,Faramea capulifolia,,,,,,,,,
RUBIACEAE,Faramea,lehmannii,Faramea lehmannii,,,,,,,,,
RUBIACEAE,Faramea,ovalis,Faramea ovalis,,,,,,,,,
RUBIACEAE,Faramea,permagnifolia,Faramea permagnifolia,,,,,,,,,
RUBIACEAE,Faramea,scalaris,Faramea scalaris,,,,,,,,,
RUBIACEAE,Faramea,trinervia,Faramea trinervia,,,,,,,,,
RUBIACEAE,Gonzalagunia,brenesii,Gonzalagunia brenesii,,,,,,,,,
RUBIACEAE,Gonzalagunia,longithyrsa,Gonzalagunia longithyrsa,,,,,,,,,
RUBIACEAE,Gonzalagunia,stenostachya,Gonzalagunia stenostachya,,,,,,,,,
RUBIACEAE,Guettarda,macrosperma,Guettarda macrosperma,LC,,,,,,,,
RUBIACEAE,Guettarda,brenesii,Guettarda brenesii,,,,,,,,,
RUBIACEAE,Guettarda,foliacea,Guettarda foliacea,,,,,,,,,
RUBIACEAE,Guettarda,sanblasensis,Guettarda sanblasensis,,,,,,,,,
RUBIACEAE,Hillia,longifilamentosa,Hillia longifilamentosa,,,,,,,,,
RUBIACEAE,Hillia,palmana,Hillia palmana,,,,,,,,,
RUBIACEAE,Hintonia,lumana,Hintonia lumana,,,,,,,,,
RUBIACEAE,Hoffmannia,josefina,Hoffmannia josefina,,,,,,,,,
RUBIACEAE,Hoffmannia,micrantha,Hoffmannia micrantha,,,,,,,,,
RUBIACEAE,Isertia,scorpioides,Isertia scorpioides,,,,,,,,,
RUBIACEAE,Ixora,floribunda,Ixora floribunda,LC,,,,,,,,
RUBIACEAE,Osa,pulchra,Osa pulchra,,,,,,,,,
RUBIACEAE,Palicourea,adusta,Palicourea adusta,,,Kew to compile draft,,,,,,
RUBIACEAE,Palicourea,salicifolia,Palicourea salicifolia,,,Kew to compile draft,,,,,,
RUBIACEAE,Palicourea,alajuelensis,Palicourea alajuelensis,,,,,,,,,
RUBIACEAE,Palicourea,albocaerulea,Palicourea albocaerulea,,,,,,,,,
RUBIACEAE,Palicourea,aurantiibractea,Palicourea aurantiibractea,,,,,,,,,
RUBIACEAE,Palicourea,beachiana,Palicourea beachiana,,,,,,,,,
RUBIACEAE,Palicourea,bellula,Palicourea bellula,,,,,,,,,
RUBIACEAE,Palicourea,brenesii,Palicourea brenesii,,,,,,,,,
RUBIACEAE,Palicourea,carnosocarpa,Palicourea carnosocarpa,,,,,,,,,
RUBIACEAE,Palicourea,chiriquina,Palicourea chiriquina,,,,,,,,,
RUBIACEAE,Palicourea,grandifructa,Palicourea grandifructa,,,,,,,,,
RUBIACEAE,Palicourea,hammelii,Palicourea hammelii,,,,,,,,,
RUBIACEAE,Palicourea,horquetensis,Palicourea horquetensis,,,,,,,,,
RUBIACEAE,Palicourea,lancifera,Palicourea lancifera,,,,,,,,,
RUBIACEAE,Palicourea,macrocalyx,Palicourea macrocalyx,,,,,,,,,
RUBIACEAE,Palicourea,macrosepala,Palicourea macrosepala,,,,,,,,,
RUBIACEAE,Palicourea,matamana,Palicourea matamana,,,,,,,,,
RUBIACEAE,Palicourea,montensis,Palicourea montensis,,,,,,,,,
RUBIACEAE,Palicourea,orosiana,Palicourea orosiana,,,,,,,,,
RUBIACEAE,Palicourea,osaensis,Palicourea osaensis,,,,,,,,,
RUBIACEAE,Palicourea,palustris,Palicourea palustris,,,,,,,,,
RUBIACEAE,Palicourea,pauciflora,Palicourea pauciflora,,,,,,,,,
RUBIACEAE,Palicourea,pereziana,Palicourea pereziana,,,,,,,,,
RUBIACEAE,Palicourea,skotakii,Palicourea skotakii,,,,,,,,,
RUBIACEAE,Palicourea,spathacea,Palicourea spathacea,,,,,,,,,
RUBIACEAE,Palicourea,tapantiensis,Palicourea tapantiensis,,,,,,,,,
RUBIACEAE,Palicourea,tilaranensis,Palicourea tilaranensis,,,,,,,,,
RUBIACEAE,Palicourea,torresiana,Palicourea torresiana,,,,,,,,,
RUBIACEAE,Palicourea,triphylla,Palicourea triphylla,,,,,,,,,
RUBIACEAE,Palicourea,tsakiana,Palicourea tsakiana,,,,,,,,,
RUBIACEAE,Palicourea,valerioana,Palicourea valerioana,,,,,,,,,
RUBIACEAE,Palicourea,veracruzensis,Palicourea veracruzensis,,,,,,,,,
RUBIACEAE,Pentagonia,hirsuta,Pentagonia hirsuta,,,,,,,,,
RUBIACEAE,Pentagonia,lobata,Pentagonia lobata,,,,,,,,,
RUBIACEAE,Pentagonia,osaensis,Pentagonia osaensis,,,,,,,,,
RUBIACEAE,Pentagonia,tinajita,Pentagonia tinajita,,,,,,,,,
RUBIACEAE,Posoqueria,costaricensis,Posoqueria costaricensis,,,,,,,,,
RUBIACEAE,Posoqueria,grandifructa,Posoqueria grandifructa,,,,,,,,,
RUBIACEAE,Posoqueria,robusta,Posoqueria robusta,,,,,,,,,
RUBIACEAE,Psychotria,calophylla,Psychotria calophylla,,,,,,,,,
RUBIACEAE,Psychotria,hamiltoniana,Psychotria hamiltoniana,,,,,,,,,
RUBIACEAE,Psychotria,herrerana,Psychotria herrerana,,,,,,,,,
RUBIACEAE,Psychotria,jefensis,Psychotria jefensis,,,,,,,,,
RUBIACEAE,Psychotria,jimenezii,Psychotria jimenezii,,,,,,,,,
RUBIACEAE,Psychotria,lamarinensis,Psychotria lamarinensis,,,,,,,,,
RUBIACEAE,Psychotria,laselvensis,Psychotria laselvensis,,,,,,,,,
RUBIACEAE,Psychotria,limonensis,Psychotria limonensis,,,,,,,,,
RUBIACEAE,Psychotria,monteverdensis,Psychotria monteverdensis,,,,,,,,,
RUBIACEAE,Psychotria,neillii,Psychotria neillii,,,,,,,,,
RUBIACEAE,Psychotria,nubiphila,Psychotria nubiphila,,,,,,,,,
RUBIACEAE,Psychotria,orosioides,Psychotria orosioides,,,,,,,,,
RUBIACEAE,Psychotria,panamensis,Psychotria panamensis,,,,,,,,,
RUBIACEAE,Psychotria,pisonioides,Psychotria pisonioides,,,,,,,,,
RUBIACEAE,Psychotria,sixaolensis,Psychotria sixaolensis,,,,,,,,,
RUBIACEAE,Psychotria,turrubarensis,Psychotria turrubarensis,,,,,,,,,
RUBIACEAE,Randia,brenesii,Randia brenesii,,,,,,,,,
RUBIACEAE,Randia,calycosa,Randia calycosa,,,,,,,,,
RUBIACEAE,Randia,grayumii,Randia grayumii,,,,,,,,,
RUBIACEAE,Randia,mira,Randia mira,,,,,,,,,
RUBIACEAE,Randia,pittieri,Randia pittieri,,,,,,,,,
RUBIACEAE,Rudgea,amplexicaulis,Rudgea amplexicaulis,,,,,,,,,
RUBIACEAE,Rudgea,coussareoides,Rudgea coussareoides,,,,,,,,,
RUBIACEAE,Rudgea,laevis,Rudgea laevis,,,,,,,,,
RUBIACEAE,Rudgea,monofructus,Rudgea monofructus,,,,,,,,,
RUBIACEAE,Rudgea,raveniana,Rudgea raveniana,,,,,,,,,
RUBIACEAE,Rudgea,trifurcata,Rudgea trifurcata,,,,,,,,,
RUBIACEAE,Rustia,occidentalis,Rustia occidentalis,,,,,,,,,
RUBIACEAE,Simira,maxonii,Simira maxonii,,,,,,,,,
RUBIACEAE,Sommera,donnell-smithii,Sommera donnell-smithii,,,,,,,,,
RUBIACEAE,Stenostomum,turrialbanum,Stenostomum turrialbanum,,,,,,,,,
RUBIACEAE,Tocoyena,pittieri,Tocoyena pittieri,,,,1998 assessment,,,,,
RUBIACEAE,Warszewiczia,uxpanapensis,Warszewiczia uxpanapensis,,,,,,,,,
RUTACEAE,Amyris,brenesii,Amyris brenesii,,,,,,,,,
RUTACEAE,Amyris,magnifolia,Amyris magnifolia,,,,,,,,,
RUTACEAE,Casimiroa,sapota,Casimiroa sapota,,,,,,,,,
RUTACEAE,Erythrochiton,gymnanthus,Erythrochiton gymnanthus,,,,,,,,,
RUTACEAE,Galipea,dasysperma,Galipea dasysperma,,,,,,,,,
RUTACEAE,Lubaria,aroensis,Lubaria aroensis,,,,,,,,,
RUTACEAE,Raputia,heptaphylla,Raputia heptaphylla,,,,,,,,,
RUTACEAE,Stauranthus,perforatus,Stauranthus perforatus,,,,,,,,,
RUTACEAE,Zanthoxylum,panamense,Zanthoxylum panamense,,,,1998 assessment,,,,,
SABIACEAE,Meliosma,clandestina,Meliosma clandestina,,,,,,,,,
SABIACEAE,Meliosma,cresstolina,Meliosma cresstolina,,,,,,,,,
SABIACEAE,Meliosma,depressiva,Meliosma depressiva,,,,,,,,,
SABIACEAE,Meliosma,isthmensis,Meliosma isthmensis,,,,,,,,,
SABIACEAE,Meliosma,laxiflora,Meliosma laxiflora,,,,,,,,,
SABIACEAE,Meliosma,oligantha,Meliosma oligantha,,,,,,,,,
SABIACEAE,Meliosma,subcordata,Meliosma subcordata,,,,,,,,,
SABIACEAE,Meliosma,vernicosa,Meliosma vernicosa,,,,,,,,,
SALICACEAE,Casearia,coronata,Casearia coronata,,,,,,,,,
SALICACEAE,Casearia,standleyana,Casearia standleyana,,,,,,,,,
SALICACEAE,Hasseltiopsis,dioica,Hasseltiopsis dioica,,,,,,,,,
SALICACEAE,Prockia,costaricensis,Prockia costaricensis,,,,,,,,,
SALICACEAE,Xylosma,hispidula,Xylosma hispidula,,,,,,,,,
SAPINDACEAE,Cupania,grandiflora,Cupania grandiflora,,,,,,,,,
SAPINDACEAE,Cupania,largifolia,Cupania largifolia,,,,,,,,,
SAPINDACEAE,Cupania,moralesii,Cupania moralesii,,,,,,,,,
SAPINDACEAE,Dilodendron,elegans,Dilodendron elegans,,,,,,,,,
SAPINDACEAE,Pseudima,costaricensis,Pseudima costaricensis,,,,,,,,,
SAPOTACEAE,Chromolucuma,cespedisiiformis,Chromolucuma cespedisiiformis,,,,,,,,,
SAPOTACEAE,Chrysophyllum,brenesii,Chrysophyllum brenesii,,,,1998 assessment,,,,,
SAPOTACEAE,Chrysophyllum,hirsutum,Chrysophyllum hirsutum,,,,1998 assessment,,,,,
SAPOTACEAE,Manilkara,spectabilis,Manilkara spectabilis,,,,1998 assessment,,,,,
SAPOTACEAE,Pouteria,austin-smithii,Pouteria austin-smithii,,,,1998 assessment,,,,,
SAPOTACEAE,Pouteria,calistophylla,Pouteria calistophylla,,,,1998 assessment - not published,,,,,
SAPOTACEAE,Pouteria,exfoliata,Pouteria exfoliata,,,,1998 assessment,,,,,
SAPOTACEAE,Pouteria,filiformis,Pouteria filiformis,,,,1998 assessment,,,,,
SAPOTACEAE,Pouteria,fossicola,Pouteria fossicola,,,,1998 assessment,,,,,
SAPOTACEAE,Pouteria,foveolata,Pouteria foveolata,,,,,,,,,
SAPOTACEAE,Pouteria,lecythidicarpa,Pouteria lecythidicarpa,,,,,,,,,
SAPOTACEAE,Pouteria,leptopedicellata,Pouteria leptopedicellata,,,,1998 assessment,,,,,
SAPOTACEAE,Pouteria,macrocarpa,Pouteria macrocarpa,,,,1998 assessment,,,,,
SAPOTACEAE,Pouteria,silvestris,Pouteria silvestris,,,,1998 assessment,,,,,
SAPOTACEAE,Pouteria,spicata,Pouteria spicata,,,,,,,,,
SAPOTACEAE,Pouteria,triplarifolia,Pouteria triplarifolia,,,,1998 assessment,,,,,
SAPOTACEAE,Sideroxylon,contrerasii,Sideroxylon contrerasii,,,,1998 assessment,,,,,
SCHLEGELIACEAE,Gibsoniothamnus,allenii,Gibsoniothamnus allenii,,,,,,,,,
SCROPHULARIACEAE,Peltanthera,floribunda,Peltanthera floribunda,,,,,,,,,
SOLANACEAE,Cestrum,rugulosum,Cestrum rugulosum,LC,,,,,,,,
SOLANACEAE,Cestrum,lewisii,Cestrum lewisii,,,,,,,,,
SOLANACEAE,Cestrum,pittieri,Cestrum pittieri,,,,,,,,,
SOLANACEAE,Cestrum,poasanum,Cestrum poasanum,,,,,,,,,
SOLANACEAE,Solanum,fortunense,Solanum fortunense,,,,1998 assessment,,,,,
SOLANACEAE,Solanum,incomptum,Solanum incomptum,,,,,,,,,
SOLANACEAE,Solanum,pubigerum,Solanum pubigerum,,,,,,,,,
SOLANACEAE,Solanum,sotobosquense,Solanum sotobosquense,,,,,,,,,
STYRACACEAE,Styrax,nicaraguensis,Styrax nicaraguensis,,,,,,,,,
STYRACACEAE,Styrax,steyermarkii,Styrax steyermarkii,,,,,,,,,
SYMPLOCACEAE,Symplocos,naniflora,Symplocos naniflora,,,,,,,,,
SYMPLOCACEAE,Symplocos,oreophila,Symplocos oreophila,,,,,,,,,
SYMPLOCACEAE,Symplocos,povedae,Symplocos povedae,,,,,,,,,
SYMPLOCACEAE,Symplocos,retusa,Symplocos retusa,,,,,,,,,
SYMPLOCACEAE,Symplocos,serrulata,Symplocos serrulata,,,,,,,,,
SYMPLOCACEAE,Symplocos,sousae,Symplocos sousae,,,,1998 assessment,,,,,
SYMPLOCACEAE,Symplocos,striata,Symplocos striata,,,,,,,,,
SYMPLOCACEAE,Symplocos,tribracteolata,Symplocos tribracteolata,,,,,,,,,
THYMELAEACEAE,Daphnopsis,hammelii,Daphnopsis hammelii,,,,,,,,,
THYMELAEACEAE,Schoenobiblus,panamensis,Schoenobiblus panamensis,,,,,,,,,
URTICACEAE,Cecropia,angustifolia,Cecropia angustifolia,,,,,,,,,
URTICACEAE,Cecropia,obtusifolia,Cecropia obtusifolia,,,,1998 assessment,,,,,
URTICACEAE,Cecropia,pittieri,Cecropia pittieri,,,,,,,,,
URTICACEAE,Coussapoa,nymphaeifolia,Coussapoa nymphaeifolia,,,,,,,,,
URTICACEAE,Urera,fenestrata,Urera fenestrata,,,,,,,,,
VERBENACEAE,Citharexylum,costaricense,Citharexylum costaricense,,,,,,,,,
VERBENACEAE,Citharexylum,macradenium,Citharexylum macradenium,,,,,,,,,
VERBENACEAE,Citharexylum,schottii,Citharexylum schottii,,,,,,,,,
VERBENACEAE,Lippia,bicolor,Lippia bicolor,,,,,,,,,
VERBENACEAE,Lippia,chiapasensis,Lippia chiapasensis,,,,,,,,,
VIBURNACEAE,Viburnum,costaricanum,Viburnum costaricanum,,,,1998 assessment,,,,,
VIOLACEAE,Gloeospermum,diversipetalum,Gloeospermum diversipetalum,,,,,,,,,
VIOLACEAE,Orthion,guatemalense,Orthion guatemalense,,,,,,,,,
VIOLACEAE,Rinorea,crenata,Rinorea crenata,,,,1998 assessment,,,,,
VIOLACEAE,Rinorea,dasyadena,Rinorea dasyadena,,,,1998 assessment,,,,,
VOCHYSIACEAE,Vochysia,megalophylla,Vochysia megalophylla,,,,,,,,,
